Rank,Player,Team,Position,Value,Pos Rank
1,"Josh Allen",BUF,QB,10256,QB1
2,"Bijan Robinson",ATL,RB,10018,RB1
3,"Drake Maye",NE,QB,9785,QB2
4,"Jaxon Smith-Njigba",SEA,WR,9558,WR1
5,"Ja'Marr Chase",CIN,WR,9336,WR2
6,"Jahmyr Gibbs",DET,RB,9119,RB2
7,"Puka Nacua",LAR,WR,8907,WR3
8,"Caleb Williams",CHI,QB,8700,QB3
9,"Jayden Daniels",WAS,QB,8498,QB4
10,"Ashton Jeanty",LV,RB,8301,RB3
11,"Brock Bowers",LV,TE,8108,TE1
12,"Justin Jefferson",MIN,WR,7920,WR4
13,"De'Von Achane",MIA,RB,7736,RB4
14,"CeeDee Lamb",DAL,WR,7556,WR5
15,"Amon-Ra St. Brown",DET,WR,7381,WR6
16,"Malik Nabers",NYG,WR,7209,WR7
17,"Joe Burrow",CIN,QB,7042,QB5
18,"Jeremiyah Love",ARI,RB,6878,RB5
19,"Justin Herbert",LAC,QB,6719,QB6
20,"Trey McBride",ARI,TE,6563,TE2
21,"Patrick Mahomes",KC,QB,6410,QB7
22,"Jaxson Dart",NYG,QB,6261,QB8
23,"Lamar Jackson",BAL,QB,6116,QB9
24,"Omarion Hampton",LAC,RB,5974,RB6
25,"Drake London",ATL,WR,5835,WR8
26,"Jalen Hurts",PHI,QB,5699,QB10
27,"Tetairoa McMillan",CAR,WR,5567,WR9
28,"Trevor Lawrence",JAX,QB,5438,QB11
29,"Emeka Egbuka",TB,WR,5312,WR10
30,"Garrett Wilson",NYJ,WR,5188,WR11
31,"Jonathan Taylor",IND,RB,5068,RB7
32,"James Cook",BUF,RB,4950,RB8
33,"Brock Purdy",SF,QB,4835,QB12
34,"Carnell Tate",TEN,WR,4723,WR12
35,"George Pickens",DAL,WR,4613,WR13
36,"Bo Nix",DEN,QB,4506,QB13
37,"Colston Loveland",CHI,TE,4401,TE3
38,"Breece Hall",NYJ,RB,4299,RB9
39,"Jordan Love",GB,QB,4199,QB14
40,"Ladd McConkey",LAC,WR,4102,WR14
41,"Quinshon Judkins",CLE,RB,4006,RB10
42,"TreVeyon Henderson",NE,RB,3913,RB11
43,"Nico Collins",HOU,WR,3822,WR15
44,"Tyler Warren",IND,TE,3734,TE4
45,"Chris Olave",NO,WR,3647,WR16
46,"Kenneth Walker",KC,RB,3562,RB12
47,"Fernando Mendoza",LV,QB,3479,QB15
48,"Marvin Harrison",ARI,WR,3399,WR17
49,"Rome Odunze",CHI,WR,3320,WR18
50,"Jordyn Tyson",NO,WR,3243,WR19
51,"Christian McCaffrey",SF,RB,3167,RB13
52,"Makai Lemon",PHI,WR,3094,WR20
53,"Brian Thomas",JAX,WR,3022,WR21
54,"Dak Prescott",DAL,QB,2952,QB16
55,"Baker Mayfield",TB,QB,2883,QB17
56,"A.J. Brown",NE,WR,2816,WR22
57,"Jared Goff",DET,QB,2751,QB18
58,"Rashee Rice",KC,WR,2687,WR23
59,"Tee Higgins",CIN,WR,2624,WR24
60,"Saquon Barkley",PHI,RB,2564,RB14
61,"Luther Burden III",CHI,WR,2504,WR25
62,"Cam Ward",TEN,QB,2446,QB19
63,"Cam Skattebo",NYG,RB,2334,RB15
64,"DeVonta Smith",PHI,WR,2279,WR26
65,"Jaylen Waddle",DEN,WR,2226,WR27
66,"Zay Flowers",BAL,WR,2175,WR28
67,"Javonte Williams",DAL,RB,2124,RB16
68,"Kyren Williams",LAR,RB,2075,RB17
69,"Chase Brown",CIN,RB,2027,RB18
70,"Jadarian Price",SEA,RB,1980,RB19
71,"Bucky Irving",TB,RB,1934,RB20
72,"Harold Fannin Jr.",CLE,TE,1889,TE5
73,"Tucker Kraft",GB,TE,1845,TE6
74,"Kyle Pitts",ATL,TE,1802,TE7
75,"KC Concepcion",CLE,WR,1760,WR29
76,"Travis Etienne",NO,RB,1719,RB21
77,"Josh Jacobs",GB,RB,1679,RB22
78,"Jameson Williams",DET,WR,1640,WR30
79,"Sam Darnold",SEA,QB,1602,QB20
80,"Sam LaPorta",DET,TE,1529,TE8
81,"C.J. Stroud",HOU,QB,1493,QB21
82,"Kyler Murray",MIN,QB,1458,QB22
83,"Tyler Shough",NO,QB,1425,QB23
84,"Christian Watson",GB,WR,1391,WR31
85,"Omar Cooper",NYJ,WR,1359,WR32
86,"Bhayshul Tuten",JAX,RB,1328,RB23
87,"Alec Pierce",IND,WR,1297,WR33
88,"Malik Willis",MIA,QB,1267,QB24
89,"Jordan Addison",MIN,WR,1237,WR34
90,"DJ Moore",BUF,WR,1208,WR35
91,"Ricky Pearsall",SF,WR,1180,WR36
92,"Daniel Jones",IND,QB,1153,QB25
93,"D'Andre Swift",CHI,RB,1126,RB24
94,"Michael Wilson",ARI,WR,1100,WR37
95,"Ty Simpson",LAR,QB,1075,QB26
96,"Bryce Young",CAR,QB,1050,QB27
97,"Kenyon Sadiq",NYJ,TE,1025,TE9
98,"Eli Stowers",PHI,TE,1001,TE10
99,"Denzel Boston",CLE,WR,978,WR38
100,"Matthew Stafford",LAR,QB,955,QB28
101,"Derrick Henry",BAL,RB,933,RB25
102,"Terry McLaurin",WAS,WR,912,WR39
103,"Oronde Gadsden II",LAC,TE,890,TE11
104,"Jayden Reed",GB,WR,870,WR40
105,"Wan'Dale Robinson",TEN,WR,849,WR41
106,"David Montgomery",HOU,RB,830,RB26
107,"DK Metcalf",PIT,WR,810,WR42
108,"Michael Pittman",PIT,WR,792,WR43
109,"Dalton Kincaid",BUF,TE,773,TE12
110,"Jayden Higgins",HOU,WR,755,WR44
111,"Parker Washington",JAX,WR,738,WR45
112,"Davante Adams",LAR,WR,721,WR46
113,"Kyle Monangai",CHI,RB,704,RB27
114,"Matthew Golden",GB,WR,688,WR47
115,"Romeo Doubs",NE,WR,672,WR48
116,"RJ Harvey",DEN,RB,656,RB28
117,"Jonah Coleman",DEN,RB,641,RB29
118,"Josh Downs",IND,WR,626,WR49
119,"Jake Ferguson",DAL,TE,611,TE13
120,"Quentin Johnston",LAC,WR,597,WR50
121,"Chris Godwin",TB,WR,583,WR51
122,"Germie Bernard",PIT,WR,570,WR52
123,"Antonio Williams",WAS,WR,556,WR53
124,"Jonathon Brooks",CAR,RB,544,RB30
125,"Xavier Worthy",KC,WR,531,WR54
126,"Rico Dowdle",PIT,RB,519,RB31
127,"Chris Bell",MIA,WR,507,WR55
128,"De'Zhaun Stribling",SF,WR,495,WR56
129,"Isaiah Likely",NYG,TE,483,TE14
130,"Jakobi Meyers",JAX,WR,472,WR57
131,"Travis Hunter",JAX,WR,461,WR58
132,"Courtland Sutton",DEN,WR,450,WR59
133,"Malachi Fields",NYG,WR,440,WR60
134,"Mike Evans",SF,WR,430,WR61
135,"Jaylen Warren",PIT,RB,420,RB32
136,"Khalil Shakir",BUF,WR,410,WR62
137,"J.K. Dobbins",DEN,RB,400,RB33
138,"Michael Penix",ATL,QB,391,QB29
139,"Zach Charbonnet",SEA,RB,382,RB34
140,"Mark Andrews",BAL,TE,373,TE15
141,"Chris Brazzell",CAR,WR,365,WR63
142,"Ted Hurst",TB,WR,356,WR64
143,"Tua Tagovailoa",ATL,QB,348,QB30
144,"Blake Corum",LAR,RB,340,RB35
145,"Rhamondre Stevenson",NE,RB,332,RB36
146,"Chuba Hubbard",CAR,RB,324,RB37
147,"J.J. McCarthy",MIN,QB,317,QB31
148,"Nicholas Singleton",TEN,RB,309,RB38
149,"Jauan Jennings",MIN,WR,302,WR65
150,"Tyjae Spears",TEN,RB,295,RB39
151,"Tony Pollard",TEN,RB,288,RB40
152,"Woody Marks",HOU,RB,282,RB41
153,"Tyler Allgeier",ARI,RB,275,RB42
154,"Rashid Shaheed",SEA,WR,269,WR66
155,"Jerry Jeudy",CLE,WR,262,WR67
156,"George Kittle",SF,TE,256,TE16
157,"Shedeur Sanders",CLE,QB,250,QB32
158,"Tyrone Tracy",NYG,RB,244,RB43
159,"Jacory Croskey-Merritt",WAS,RB,239,RB44
160,"T.J. Hockenson",MIN,TE,233,TE17
161,"Jalen Coker",CAR,WR,228,WR68
162,"Kenneth Gainwell",TB,RB,223,RB45
163,"Rachaad White",WAS,RB,217,RB46
164,"Dallas Goedert",PHI,TE,212,TE18
165,"Jack Bech",LV,WR,207,WR69
166,"Emmett Johnson",KC,RB,203,RB47
167,"Jordan Mason",MIN,RB,198,RB48
168,"Kaleb Johnson",PIT,RB,189,RB49
169,"Mike Washington",LV,RB,184,RB50
170,"Jacoby Brissett",ARI,QB,180,QB33
171,"Elijah Sarratt",BAL,WR,176,WR70
172,"Skyler Bell",BUF,WR,172,WR71
173,"Chris Rodriguez",JAX,RB,168,RB51
174,"Brenton Strange",JAX,TE,164,TE19
175,"Elic Ayomanor",TEN,WR,160,WR72
176,"Deebo Samuel",WAS,WR,156,WR73
177,"Tyren Montgomery",TEN,WR,153,WR74
178,"Kaytron Allen",WAS,RB,149,RB52
179,"Dylan Sampson",CLE,RB,146,RB53
180,"Chigoziem Okonkwo",TEN,TE,142,TE20
181,"Max Klare",LAR,TE,139,TE21
182,"Isaac TeSlaa",DET,WR,136,WR75
183,"Ja'Kobi Lane",BAL,WR,133,WR76
184,"Braelon Allen",NYJ,RB,130,RB54
185,"Adonai Mitchell",NYJ,WR,127,WR77
186,"Zachariah Branch",ATL,WR,124,WR78
187,"Mason Taylor",NYJ,TE,121,TE22
188,"Kayshon Boutte",NE,WR,115,WR79
189,"Tre Harris",LAC,WR,113,WR80
190,"Jaylin Noel",HOU,WR,110,WR81
191,"Deshaun Watson",CLE,QB,107,QB34
192,"Geno Smith",NYJ,QB,105,QB35
193,"Troy Franklin",DEN,WR,102,WR82
194,"Terrance Ferguson",LAR,TE,100,TE23
195,"Jalen Nailor",LV,WR,98,WR83
196,"Isiah Pacheco",DET,RB,93,RB55
197,"Stefon Diggs",NE,WR,91,WR84
198,"Keon Coleman",BUF,WR,89,WR85
199,"Aaron Jones",MIN,RB,87,RB56
200,"Tory Horton",SEA,WR,85,WR86
201,"Mac Jones",SF,QB,83,QB36
202,"Brandon Aiyuk",SF,WR,81,WR87
203,"David Njoku",LAC,TE,79,TE24
204,"AJ Barner",SEA,TE,77,TE25
205,"Jalen McMillan",TB,WR,76,WR88
206,"Travis Kelce",KC,TE,74,TE26
207,"Demond Claiborne",MIN,RB,72,RB57
208,"Gunnar Helm",TEN,TE,70,TE27
209,"Brian Robinson",ATL,RB,69,RB58
210,"Kyle Williams",NE,WR,67,WR89
211,"Kaelon Black",SF,RB,66,RB59
212,"Hunter Henry",NE,TE,64,TE28
213,"Pat Bryant",DEN,WR,63,WR90
214,"Juwan Johnson",NO,TE,61,TE29
215,"Jaylen Wright",MIA,RB,60,RB60
216,"Chimere Dike",TEN,WR,58,WR91
217,"Tre Tucker",LV,WR,57,WR92
218,"Tyreek Hill",MIA,WR,56,WR93
219,"Alvin Kamara",NO,RB,54,RB61
220,"Kirk Cousins",LV,QB,53,QB37
221,"Aaron Rodgers",PIT,QB,52,QB38
222,"Trey Benson",ARI,RB,49,RB62
223,"Carson Beck",ARI,QB,48,QB39
224,"Kimani Vidal",LAC,RB,47,RB63
225,"Justin Joly",DEN,TE,46,TE30
226,"Xavier Legette",CAR,WR,45,WR94
227,"Tank Bigsby",PHI,RB,44,RB64
228,"Marvin Mims",DEN,WR,43,WR95
229,"LeQuint Allen",JAX,RB,42,RB65
230,"Devin Neal",NO,RB,41,RB66
231,"Keaton Mitchell",LAC,RB,40,RB67
232,"Eli Raridon",NE,TE,39,TE31
233,"Brashard Smith",KC,RB,38,RB68
234,"Bryce Lance",NO,WR,37,WR96
235,"Tank Dell",HOU,WR,36,WR97
236,"Malik Washington",MIA,WR,36,WR98
237,"Dalton Schultz",HOU,TE,35,TE32
238,"Brenen Thompson",LAC,WR,34,WR99
239,"Ollie Gordon",MIA,RB,33,RB69
240,"Anthony Richardson",IND,QB,32,QB40
241,"Kevin Coleman",MIA,WR,32,WR100
242,"Drew Allar",PIT,QB,31,QB41
243,"Darnell Mooney",NYG,WR,30,WR101
244,"Dae'Quan Wright",PHI,TE,29,TE33
245,"Adam Randall",BAL,RB,29,RB70
246,"Justin Fields",KC,QB,28,QB42
247,"Jalen Royals",KC,WR,27,WR102
248,"Dontayvion Wicks",PHI,WR,27,WR103
249,"Cade Otton",TB,TE,26,TE34
250,"Emanuel Wilson",SEA,RB,26,RB71
251,"Christian Kirk",SF,WR,25,WR104
252,"Theo Johnson",NYG,TE,24,TE35
253,"Jordan James",SF,RB,24,RB72
254,"Elijah Arroyo",SEA,TE,23,TE36
255,"Isaiah Bond",CLE,WR,23,WR105
256,"Jaydon Blue",DAL,RB,22,RB73
257,"Pat Freiermuth",PIT,TE,22,TE37
258,"Tez Johnson",TB,WR,21,WR106
259,"Caleb Douglas",MIA,WR,21,WR107
260,"Jalen Milroe",SEA,QB,20,QB43
261,"Dont'e Thornton",LV,WR,20,WR108
262,"Cedric Tillman",CLE,WR,19,WR109
263,"DJ Giddens",IND,RB,19,RB74
264,"Ray Davis",BUF,RB,18,RB75
265,"Michael Mayer",LV,TE,18,TE38
266,"Calvin Ridley",TEN,WR,18,WR110
267,"James Conner",ARI,RB,17,RB76
268,"Sean Tucker",TB,RB,17,RB77
269,"Kendre Miller",NO,RB,16,RB78
270,"Will Howard",PIT,QB,16,QB44
271,"Evan Engram",DEN,TE,16,TE39
272,"Cooper Kupp",SEA,WR,15,WR111
273,"Rashod Bateman",BAL,WR,15,WR112
274,"Seth McGowan",IND,RB,15,RB79
275,"MarShawn Lloyd",GB,RB,14,RB80
276,"Dare Ogunbowale",HOU,RB,14,RB81
277,"Cade Klubnik",NYJ,QB,14,QB45
278,"Roman Wilson",PIT,WR,13,WR113
279,"Oscar Delp",NO,TE,13,TE40
280,"Colby Parkinson",LAR,TE,13,TE41
281,"Demario Douglas",NE,WR,12,WR114
282,"Greg Dulcich",MIA,TE,12,TE42
283,"Riley Leonard",IND,QB,12,QB46
284,"Trevor Etienne",CAR,RB,12,RB82
285,"Quinn Ewers",MIA,QB,11,QB47
286,"Ja'Tavion Sanders",CAR,TE,11,TE43
287,"Jarquez Hunter",LAR,RB,11,RB83
288,"Jack Endries",CIN,TE,10,TE44
289,"Isaiah Davis",NYJ,RB,10,RB84
290,"Calvin Austin",NYG,WR,10,WR115
291,"Cole Kmet",CHI,TE,10,TE45
292,"Savion Williams",GB,WR,10,WR116
293,"Justice Hill",BAL,RB,9,RB85
294,"Michael Trigg",DAL,TE,9,TE46
295,"Tyquan Thornton",KC,WR,,WR117
296,"Garrett Nussmeier",KC,QB,,QB48
297,"Joshua Palmer",BUF,WR,,WR118
298,"Marquise Brown",PHI,WR,,WR119
299,"Will Shipley",PHI,RB,,RB86
300,"Efton Chism",NE,WR,,WR120